,att1,att2,att3,att4,att5
sp1,0.4352678405,1635,78,0,0
sp2,0.2382994879,1787,60,1,0
sp3,0.2717972521,1870,10,0,0
sp4,0.8688782083,1970,3,0,0
sp5,0.508700568,1267,1,1,1
sp6,0.0628899401,1289,14,1,1
sp7,0.9809189707,1403,80,0,1
sp8,0.6005674757,1341,34,0,1
sp9,0.8469315232,1074,52,0,1
sp10,0.3766782864,1391,92,0,0
sp11,0.7835985981,1990,95,1,0
